Rank,List
1,원피스
2,우비
3,블라우스
4,티셔츠
5,여름원피스
6,리스트원피스
7,써스데이아일랜드원피스
8,시슬리원피스
9,지고트원피스
10,듀엘원피스
1,원피스
2,블라우스
3,티셔츠
4,여름원피스
5,써스데이아일랜드원피스
6,듀엘원피스
7,쉬즈미스원피스
8,지고트원피스
9,시슬리원피스
10,잇미샤원피스
1,원피스
2,써스데이아일랜드원피스
3,블라우스
4,써스데이아일랜드
5,여름원피스
6,써스데이원피스
7,시슬리원피스
8,리스트원피스
9,티셔츠
10,지고트원피스
1,원피스
2,블라우스
3,여름원피스
4,티셔츠
5,시슬리원피스
6,지고트원피스
7,써스데이아일랜드
8,쉬즈미스원피스
9,써스데이아일랜드원피스
10,듀엘원피스
1,원피스
2,블라우스
3,여름원피스
4,티셔츠
5,써스데이아일랜드원피스
6,롱원피스
7,써스데이아일랜드
8,리스트원피스
9,지고트원피스
10,잇미샤원피스
1,원피스
2,여름원피스
3,블라우스
4,티셔츠
5,리스트원피스
6,시슬리원피스
7,쉬즈미스원피스
8,써스데이아일랜드원피스
9,지고트원피스
10,롱원피스
1,원피스
2,여름원피스
3,티셔츠
4,써스데이아일랜드원피스
5,블라우스
6,리스트원피스
7,롱원피스
8,시슬리원피스
9,지고트원피스
10,쉬즈미스원피스
1,원피스
2,여름원피스
3,티셔츠
4,블라우스
5,써스데이아일랜드원피스
6,시슬리원피스
7,리스트원피스
8,롱원피스
9,쉬즈미스원피스
10,베네통원피스
1,원피스
2,여름원피스
3,시슬리원피스
4,티셔츠
5,블라우스
6,써스데이아일랜드원피스
7,롱원피스
8,지고트원피스
9,잇미샤원피스
10,베네통원피스
1,원피스
2,여름원피스
3,써스데이아일랜드원피스
4,시슬리원피스
5,블라우스
6,티셔츠
7,쉬즈미스원피스
8,리스트원피스
9,듀엘원피스
10,지고트원피스
1,원피스
2,여름원피스
3,블라우스
4,티셔츠
5,리스트원피스
6,지고트원피스
7,듀엘원피스
8,시슬리원피스
9,써스데이아일랜드원피스
10,쉬즈미스원피스
1,원피스
2,여름원피스
3,티셔츠
4,블라우스
5,지고트원피스
6,써스데이아일랜드원피스
7,시슬리원피스
8,잇미샤원피스
9,남자반바지
10,리스트원피스
