날짜,Rank,카테고리,List
2024-07-17,1,패션의류,원피스
2024-07-17,2,패션의류,우비
2024-07-17,3,패션의류,블라우스
2024-07-17,4,패션의류,티셔츠
2024-07-17,5,패션의류,여름원피스
2024-07-17,6,패션의류,리스트원피스
2024-07-17,7,패션의류,써스데이아일랜드원피스
2024-07-17,8,패션의류,시슬리원피스
2024-07-17,9,패션의류,지고트원피스
2024-07-17,10,패션의류,듀엘원피스
2024-07-18,1,패션의류,원피스
2024-07-18,2,패션의류,블라우스
2024-07-18,3,패션의류,티셔츠
2024-07-18,4,패션의류,여름원피스
2024-07-18,5,패션의류,써스데이아일랜드원피스
2024-07-18,6,패션의류,듀엘원피스
2024-07-18,7,패션의류,쉬즈미스원피스
2024-07-18,8,패션의류,지고트원피스
2024-07-18,9,패션의류,시슬리원피스
2024-07-18,10,패션의류,잇미샤원피스
2024-07-19,1,패션의류,원피스
2024-07-19,2,패션의류,써스데이아일랜드원피스
2024-07-19,3,패션의류,블라우스
2024-07-19,4,패션의류,써스데이아일랜드
2024-07-19,5,패션의류,여름원피스
2024-07-19,6,패션의류,써스데이원피스
2024-07-19,7,패션의류,시슬리원피스
2024-07-19,8,패션의류,리스트원피스
2024-07-19,9,패션의류,티셔츠
2024-07-19,10,패션의류,지고트원피스
2024-07-20,1,패션의류,원피스
2024-07-20,2,패션의류,블라우스
2024-07-20,3,패션의류,여름원피스
2024-07-20,4,패션의류,티셔츠
2024-07-20,5,패션의류,시슬리원피스
2024-07-20,6,패션의류,지고트원피스
2024-07-20,7,패션의류,써스데이아일랜드
2024-07-20,8,패션의류,쉬즈미스원피스
2024-07-20,9,패션의류,써스데이아일랜드원피스
2024-07-20,10,패션의류,듀엘원피스
2024-07-21,1,패션의류,원피스
2024-07-21,2,패션의류,블라우스
2024-07-21,3,패션의류,여름원피스
2024-07-21,4,패션의류,티셔츠
2024-07-21,5,패션의류,써스데이아일랜드원피스
2024-07-21,6,패션의류,롱원피스
2024-07-21,7,패션의류,써스데이아일랜드
2024-07-21,8,패션의류,리스트원피스
2024-07-21,9,패션의류,지고트원피스
2024-07-21,10,패션의류,잇미샤원피스
2024-07-22,1,패션의류,원피스
2024-07-22,2,패션의류,여름원피스
2024-07-22,3,패션의류,블라우스
2024-07-22,4,패션의류,티셔츠
2024-07-22,5,패션의류,리스트원피스
2024-07-22,6,패션의류,시슬리원피스
2024-07-22,7,패션의류,쉬즈미스원피스
2024-07-22,8,패션의류,써스데이아일랜드원피스
2024-07-22,9,패션의류,지고트원피스
2024-07-22,10,패션의류,롱원피스
2024-07-23,1,패션의류,원피스
2024-07-23,2,패션의류,여름원피스
2024-07-23,3,패션의류,티셔츠
2024-07-23,4,패션의류,써스데이아일랜드원피스
2024-07-23,5,패션의류,블라우스
2024-07-23,6,패션의류,리스트원피스
2024-07-23,7,패션의류,롱원피스
2024-07-23,8,패션의류,시슬리원피스
2024-07-23,9,패션의류,지고트원피스
2024-07-23,10,패션의류,쉬즈미스원피스
2024-07-24,1,패션의류,원피스
2024-07-24,2,패션의류,여름원피스
2024-07-24,3,패션의류,티셔츠
2024-07-24,4,패션의류,블라우스
2024-07-24,5,패션의류,써스데이아일랜드원피스
2024-07-24,6,패션의류,시슬리원피스
2024-07-24,7,패션의류,리스트원피스
2024-07-24,8,패션의류,롱원피스
2024-07-24,9,패션의류,쉬즈미스원피스
2024-07-24,10,패션의류,베네통원피스
2024-07-25,1,패션의류,원피스
2024-07-25,2,패션의류,여름원피스
2024-07-25,3,패션의류,시슬리원피스
2024-07-25,4,패션의류,티셔츠
2024-07-25,5,패션의류,블라우스
2024-07-25,6,패션의류,써스데이아일랜드원피스
2024-07-25,7,패션의류,롱원피스
2024-07-25,8,패션의류,지고트원피스
2024-07-25,9,패션의류,잇미샤원피스
2024-07-25,10,패션의류,베네통원피스
2024-07-26,1,패션의류,원피스
2024-07-26,2,패션의류,여름원피스
2024-07-26,3,패션의류,써스데이아일랜드원피스
2024-07-26,4,패션의류,시슬리원피스
2024-07-26,5,패션의류,블라우스
2024-07-26,6,패션의류,티셔츠
2024-07-26,7,패션의류,쉬즈미스원피스
2024-07-26,8,패션의류,리스트원피스
2024-07-26,9,패션의류,듀엘원피스
2024-07-26,10,패션의류,지고트원피스
2024-07-27,1,패션의류,원피스
2024-07-27,2,패션의류,여름원피스
2024-07-27,3,패션의류,블라우스
2024-07-27,4,패션의류,티셔츠
2024-07-27,5,패션의류,리스트원피스
2024-07-27,6,패션의류,지고트원피스
2024-07-27,7,패션의류,듀엘원피스
2024-07-27,8,패션의류,시슬리원피스
2024-07-27,9,패션의류,써스데이아일랜드원피스
2024-07-27,10,패션의류,쉬즈미스원피스
2024-07-28,1,패션의류,원피스
2024-07-28,2,패션의류,여름원피스
2024-07-28,3,패션의류,티셔츠
2024-07-28,4,패션의류,블라우스
2024-07-28,5,패션의류,지고트원피스
2024-07-28,6,패션의류,써스데이아일랜드원피스
2024-07-28,7,패션의류,시슬리원피스
2024-07-28,8,패션의류,잇미샤원피스
2024-07-28,9,패션의류,남자반바지
2024-07-28,10,패션의류,리스트원피스
